City_ID,City,Country,Date,Lat,Lng,Max Temp,Humidity,Cloudiness,Wind Speed
0,Sao Filipe,CV,2021-10-03 00:40:49,14.8961,-24.4956,79.45,82,74,11.52
1,Bethel,US,2021-10-03 00:36:18,41.3712,-73.414,64.92,86,1,3.44
2,Busselton,AU,2021-10-03 00:39:38,-33.65,115.3333,57.04,49,12,14.5
3,Hobart,AU,2021-10-03 00:36:24,-42.8794,147.3294,58.26,96,75,3.0
4,Puerto Ayora,EC,2021-10-03 00:39:52,-0.7393,-90.3518,73.36,90,63,8.16
5,Salalah,OM,2021-10-03 00:40:42,17.0151,54.0924,80.69,89,75,9.22
6,Pittsburg,US,2021-10-03 00:44:52,38.028,-121.8847,95.09,20,1,1.01
7,Bambous Virieux,MU,2021-10-03 00:40:36,-20.3428,57.7575,72.21,88,40,11.5
8,Cortez,US,2021-10-03 00:47:27,37.3489,-108.5859,65.52,45,1,10.36
9,New Norfolk,AU,2021-10-03 00:40:47,-42.7826,147.0587,57.9,70,100,3.0
10,Ziro,IN,2021-10-03 00:47:27,27.6333,93.8333,57.76,96,46,0.34
11,Tuktoyaktuk,CA,2021-10-03 00:40:23,69.4541,-133.0374,37.4,87,90,9.22
12,Ushuaia,AR,2021-10-03 00:39:42,-54.8,-68.3,42.46,75,75,16.11
13,Albany,US,2021-10-03 00:39:34,42.6001,-73.9662,64.81,87,23,3.58
14,Rikitea,PF,2021-10-03 00:38:29,-23.1203,-134.9692,73.35,66,0,20.83
15,Hermanus,ZA,2021-10-03 00:39:34,-34.4187,19.2345,51.91,65,27,0.92
16,Lorengau,PG,2021-10-03 00:47:29,-2.0226,147.2712,85.78,64,41,4.88
17,Yellowknife,CA,2021-10-03 00:38:06,62.456,-114.3525,49.41,94,75,14.97
18,Saskylakh,RU,2021-10-03 00:40:01,71.9167,114.0833,23.31,96,97,5.41
19,Kapaa,US,2021-10-03 00:39:29,22.0752,-159.319,87.78,71,90,3.0
20,Qaanaaq,GL,2021-10-03 00:40:16,77.484,-69.3632,30.13,95,100,15.61
21,Barrow,US,2021-10-03 00:39:45,71.2906,-156.7887,30.22,80,90,13.8
22,Salcia,RO,2021-10-03 00:47:30,44.1408,22.9278,43.57,61,4,5.26
23,Punta Arenas,CL,2021-10-03 00:39:32,-53.15,-70.9167,42.91,81,75,9.22
24,Verkhoyansk,RU,2021-10-03 00:47:30,67.5447,133.385,28.53,66,12,0.74
25,Sindor,RU,2021-10-03 00:47:31,62.8629,51.8905,34.5,89,100,2.66
26,Oistins,BB,2021-10-03 00:44:24,13.0667,-59.5333,84.29,70,40,21.85
27,Harper,LR,2021-10-03 00:47:31,4.375,-7.7169,77.49,83,92,5.55
28,Butaritari,KI,2021-10-03 00:39:43,3.0707,172.7902,82.13,67,25,18.72
29,La Ronge,CA,2021-10-03 00:47:32,55.1001,-105.2842,57.45,54,90,3.44
30,Mataura,NZ,2021-10-03 00:39:26,-46.1927,168.8643,55.47,68,100,2.04
31,Te Anau,NZ,2021-10-03 00:42:18,-45.4167,167.7167,53.01,65,100,1.23
32,Swindon,GB,2021-10-03 00:47:32,51.558,-1.7812,51.89,92,20,3.0
33,Touros,BR,2021-10-03 00:40:32,-5.1989,-35.4608,77.9,82,11,12.53
34,Jamestown,US,2021-10-03 00:39:25,42.097,-79.2353,64.71,75,1,1.01
35,Baherden,TM,2021-10-03 00:47:33,38.4362,57.4316,53.83,35,0,6.82
36,Sinnamary,GF,2021-10-03 00:40:55,5.3833,-52.95,80.51,80,55,11.14
37,Bluff,NZ,2021-10-03 00:40:04,-46.6,168.3333,55.8,73,100,4.97
38,West Wendover,US,2021-10-03 00:47:34,40.7391,-114.0733,72.61,16,1,4.61
39,Khatanga,RU,2021-10-03 00:40:18,71.9667,102.5,15.6,97,66,2.08
40,Chilapa,MX,2021-10-03 00:47:34,22.032,-105.2317,78.73,84,95,3.62
41,Port Lincoln,AU,2021-10-03 00:40:58,-34.7333,135.8667,59.5,62,34,28.07
42,Arraial Do Cabo,BR,2021-10-03 00:39:42,-22.9661,-42.0278,70.93,93,100,8.25
43,Birjand,IR,2021-10-03 00:47:35,32.8663,59.2211,54.07,26,0,9.22
44,Tasiilaq,GL,2021-10-03 00:39:37,65.6145,-37.6368,37.56,63,0,5.53
45,Negombo,LK,2021-10-03 00:47:36,7.2083,79.8358,75.25,88,40,4.61
46,Atuona,PF,2021-10-03 00:35:54,-9.8,-139.0333,78.19,74,6,20.69
47,Frontera,MX,2021-10-03 00:47:36,26.9333,-101.45,79.95,69,94,5.82
48,Kodiak,US,2021-10-03 00:40:08,57.79,-152.4072,39.52,50,92,27.67
49,Cape Town,ZA,2021-10-03 00:39:40,-33.9258,18.4232,52.12,70,40,4.61
50,Hithadhoo,MV,2021-10-03 00:39:41,-0.6,73.0833,83.3,72,23,13.04
51,Yar-Sale,RU,2021-10-03 00:41:17,66.8333,70.8333,27.93,87,29,10.89
52,Kaseda,JP,2021-10-03 00:47:37,31.4167,130.3167,74.43,57,0,6.82
53,Krasnovishersk,RU,2021-10-03 00:47:37,60.4078,57.082,32.97,79,62,4.0
54,Severo-Kurilsk,RU,2021-10-03 00:39:28,50.6789,156.125,47.3,95,100,23.51
55,Ribeira Grande,PT,2021-10-03 00:40:44,38.5167,-28.7,71.8,89,92,11.14
56,Parrita,CR,2021-10-03 00:47:38,9.5201,-84.3225,83.98,85,100,0.29
57,Chokurdakh,RU,2021-10-03 00:39:36,70.6333,147.9167,24.58,95,100,5.59
58,Komsomolskiy,UZ,2021-10-03 00:47:38,40.4272,71.7189,52.52,46,93,4.61
59,Ancud,CL,2021-10-03 00:44:48,-41.8697,-73.8203,45.93,85,42,8.79
60,Uray,RU,2021-10-03 00:47:39,60.1247,64.7758,28.49,94,23,6.08
61,Nemuro,JP,2021-10-03 00:47:39,43.3236,145.575,64.83,66,0,15.17
62,Saint-Philippe,RE,2021-10-03 00:40:14,-21.3585,55.7679,69.39,75,45,13.2
63,Vaini,TO,2021-10-03 00:40:23,-21.2,-175.2,77.16,83,75,13.8
64,Ponta Do Sol,PT,2021-10-03 00:40:36,32.6667,-17.1,72.72,79,0,3.18
65,Chuy,UY,2021-10-03 00:40:11,-33.6971,-53.4616,55.06,85,100,5.46
66,Lazaro Cardenas,MX,2021-10-03 00:47:40,17.9583,-102.2,80.01,77,41,1.54
67,Vila Franca Do Campo,PT,2021-10-03 00:41:13,37.7167,-25.4333,74.19,91,85,7.11
68,Faanui,PF,2021-10-03 00:39:25,-16.4833,-151.75,79.18,73,13,14.34
69,Marystown,CA,2021-10-03 00:42:29,47.1666,-55.1483,56.86,100,59,8.37
70,Lebu,CL,2021-10-03 00:41:30,-37.6167,-73.65,48.54,70,5,17.36
71,Carroll,US,2021-10-03 00:47:41,39.5501,-77.0164,67.66,81,1,0.0
72,Krasnoselkup,RU,2021-10-03 00:47:41,65.7,82.4667,27.32,95,100,10.04
73,Breves,BR,2021-10-03 00:47:42,-1.6822,-50.4803,74.14,95,100,4.12
74,Andra,RU,2021-10-03 00:47:42,62.5147,65.8878,27.5,90,15,7.52
75,Navolato,MX,2021-10-03 00:47:43,24.7672,-107.6944,80.67,69,99,5.64
76,Bredasdorp,ZA,2021-10-03 00:39:30,-34.5322,20.0403,45.28,72,27,5.84
77,Kaeo,NZ,2021-10-03 00:46:04,-35.1,173.7833,67.32,72,100,12.01
78,Iqaluit,CA,2021-10-03 00:40:37,63.7506,-68.5145,31.73,93,1,3.0
79,Buala,SB,2021-10-03 00:47:43,-8.145,159.5921,81.73,81,96,2.28
80,Heihe,CN,2021-10-03 00:47:44,50.2441,127.4902,32.58,70,100,11.39
81,Vila,PT,2021-10-03 00:40:33,42.0304,-8.1588,56.75,94,100,10.31
82,Nikolskoye,RU,2021-10-03 00:40:05,59.7035,30.7861,45.88,95,17,4.83
83,Constitucion,CL,2021-10-03 00:41:39,-35.3333,-72.4167,50.29,54,0,15.86
84,Kingsport,US,2021-10-03 00:42:57,36.5484,-82.5618,72.09,81,75,0.0
85,Huicheng,CN,2021-10-03 00:47:45,23.0385,116.2899,82.35,74,20,14.03
86,Port Elizabeth,ZA,2021-10-03 00:40:35,-33.918,25.5701,50.09,81,75,12.66
87,Ondjiva,AO,2021-10-03 00:47:45,-17.0667,15.7333,59.76,16,32,6.13
88,Ndele,CF,2021-10-03 00:47:46,8.4109,20.6473,70.12,94,100,3.09
89,Lake Havasu City,US,2021-10-03 00:42:09,34.4839,-114.3224,93.24,11,1,3.0
90,Thompson,CA,2021-10-03 00:37:53,55.7435,-97.8558,55.56,82,75,2.3
91,Asfi,MA,2021-10-03 00:47:46,32.2994,-9.2372,66.24,87,25,11.16
92,Dikson,RU,2021-10-03 00:39:55,73.5069,80.5464,33.46,96,100,8.03
93,Guarapari,BR,2021-10-03 00:47:47,-20.6667,-40.4975,76.89,90,8,10.56
94,Lingao,CN,2021-10-03 00:47:47,19.9103,109.6859,81.09,74,7,6.38
95,Sembakung,ID,2021-10-03 00:47:48,3.8167,117.25,78.73,86,100,2.04
96,Santa Isabel Do Rio Negro,BR,2021-10-03 00:47:48,-0.4139,-65.0192,73.78,98,66,1.99
97,Bambanglipuro,ID,2021-10-03 00:42:14,-7.95,110.2833,78.57,73,94,8.61
98,Nelson Bay,AU,2021-10-03 00:47:48,-32.7167,152.15,75.29,55,5,7.09
99,East London,ZA,2021-10-03 00:39:52,-33.0153,27.9116,53.87,60,12,18.01
100,Daitari,IN,2021-10-03 00:47:49,21.1,85.75,75.13,90,22,3.09
101,Molteno,ZA,2021-10-03 00:47:49,-31.3968,26.3625,35.96,71,26,8.97
102,Naze,JP,2021-10-03 00:39:45,28.3667,129.4833,81.52,64,0,16.93
103,Hobyo,SO,2021-10-03 00:47:50,5.3505,48.5268,77.88,88,23,19.35
104,Mayo,US,2021-10-03 00:40:47,38.8876,-76.5119,71.94,89,1,3.0
105,Georgetown,MY,2021-10-03 00:37:46,5.4112,100.3354,81.9,91,20,1.01
106,Laguna De Perlas,NI,2021-10-03 00:47:50,12.3429,-83.6712,78.76,87,100,6.31
107,Upernavik,GL,2021-10-03 00:39:57,72.7868,-56.1549,29.79,71,100,7.14
108,Tiksi,RU,2021-10-03 00:40:58,71.6872,128.8694,27.0,85,62,15.41
109,Pangnirtung,CA,2021-10-03 00:47:51,66.1451,-65.7125,37.33,82,19,1.68
110,Marquette,US,2021-10-03 00:44:08,46.5333,-87.6335,62.76,94,59,2.55
111,Quatre Cocos,MU,2021-10-03 00:40:48,-20.2078,57.7625,72.09,72,87,14.32
112,Santo Antonio Do Ica,BR,2021-10-03 00:47:52,-3.1022,-67.9397,76.62,84,79,2.53
113,Carnarvon,AU,2021-10-03 00:40:15,-24.8667,113.6333,60.87,82,90,13.8
114,Mehamn,NO,2021-10-03 00:47:52,71.0357,27.8492,50.16,84,75,19.64
115,Bengkulu,ID,2021-10-03 00:41:25,-3.8004,102.2655,78.22,80,37,2.24
116,Saint George,US,2021-10-03 00:39:05,37.1041,-113.5841,88.27,16,1,0.0
117,Talas,TR,2021-10-03 00:47:53,38.6908,35.5538,47.07,76,40,4.61
118,Lima,PE,2021-10-03 00:46:58,-12.0432,-77.0282,61.05,74,90,6.91
119,Bonthe,SL,2021-10-03 00:40:38,7.5264,-12.505,76.21,91,100,2.39
120,Brae,GB,2021-10-03 00:47:53,60.3964,-1.353,51.71,85,100,27.13
121,Ilulissat,GL,2021-10-03 00:39:57,69.2167,-51.1,17.04,75,21,7.02
122,Smoky Lake,CA,2021-10-03 00:43:11,54.1169,-112.4686,59.72,38,100,4.61
123,Port Alfred,ZA,2021-10-03 00:39:54,-33.5906,26.891,53.29,69,83,22.21
124,Richards Bay,ZA,2021-10-03 00:41:35,-28.783,32.0377,63.9,93,100,16.22
125,North Bend,US,2021-10-03 00:39:33,43.4065,-124.2243,62.85,88,1,20.71
126,Kalmunai,LK,2021-10-03 00:39:38,7.4167,81.8167,78.48,84,43,5.35
127,Juegang,CN,2021-10-03 00:47:55,32.3174,121.1855,81.91,72,4,18.39
128,Milkovo,RU,2021-10-03 00:47:55,54.7167,158.6167,46.31,90,100,5.26
129,Capinota,BO,2021-10-03 00:47:56,-17.7167,-66.2333,72.81,52,7,6.17
130,Kulhudhuffushi,MV,2021-10-03 00:47:56,6.6221,73.07,82.74,77,100,15.23
131,Kholmogory,RU,2021-10-03 00:47:56,64.2229,41.656,42.91,97,100,3.8
132,Hilo,US,2021-10-03 00:39:16,19.7297,-155.09,83.93,72,75,8.05
133,Tubuala,PA,2021-10-03 00:47:57,9.5167,-79.0333,78.91,78,100,6.49
134,Mitsamiouli,KM,2021-10-03 00:44:45,-11.3847,43.2844,75.51,78,33,13.4
135,Cherskiy,RU,2021-10-03 00:41:39,68.75,161.3,27.46,95,100,12.55
136,Samarai,PG,2021-10-03 00:39:49,-10.6167,150.6667,82.8,74,11,8.37
137,Guilin,CN,2021-10-03 00:47:58,25.2819,110.2864,78.91,68,20,5.55
138,Yerbogachen,RU,2021-10-03 00:42:18,61.2767,108.0108,31.14,75,90,3.36
139,Vitim,RU,2021-10-03 00:47:58,59.4511,112.5578,32.97,74,100,2.71
140,Garowe,SO,2021-10-03 00:47:58,8.4054,48.4845,76.1,72,100,12.71
141,Baykalovo,RU,2021-10-03 00:47:59,57.3981,63.7684,32.23,89,65,6.93
142,Coos Bay,US,2021-10-03 00:47:59,43.3665,-124.2179,71.85,88,1,20.71
143,Atbasar,KZ,2021-10-03 00:48:00,51.8,68.3333,36.59,89,92,3.53
144,Dehloran,IR,2021-10-03 00:48:00,32.6941,47.2679,90.07,11,0,12.66
145,Atasu,KZ,2021-10-03 00:48:01,48.6814,71.6433,34.65,68,52,6.33
146,Ambulu,ID,2021-10-03 00:39:45,-8.345,113.6058,81.12,67,66,4.63
147,Ukiah,US,2021-10-03 00:48:01,39.1502,-123.2078,91.29,18,1,10.36
148,Vardo,NO,2021-10-03 00:39:44,70.3705,31.1107,48.65,84,100,26.08
149,San Cristobal,VE,2021-10-03 00:41:38,7.7669,-72.225,75.38,88,15,2.1
150,Mar Del Plata,AR,2021-10-03 00:35:18,-38.0023,-57.5575,55.13,66,90,8.99
151,Mount Darwin,ZW,2021-10-03 00:48:02,-16.7725,31.5838,66.76,50,7,3.09
152,Mogadishu,SO,2021-10-03 00:48:02,2.0371,45.3438,77.7,84,25,14.0
153,Ocos,GT,2021-10-03 00:41:24,14.5094,-92.1933,84.31,77,100,3.47
154,Stornoway,GB,2021-10-03 00:48:03,58.2093,-6.3865,53.92,100,24,1.14
155,Newtownards,GB,2021-10-03 00:48:03,54.5924,-5.6909,45.34,89,32,4.0
156,Victoria,HK,2021-10-03 00:37:28,22.2855,114.1577,87.22,85,45,1.01
157,Torbay,CA,2021-10-03 00:39:46,47.6666,-52.7314,55.27,88,20,8.05
158,Luganville,VU,2021-10-03 00:48:04,-15.5333,167.1667,81.36,81,100,10.98
159,Nanyang,CN,2021-10-03 00:45:27,32.9947,112.5328,80.47,67,0,11.12
160,Nouadhibou,MR,2021-10-03 00:41:41,20.931,-17.0347,71.58,78,100,6.91
161,Sesvete,HR,2021-10-03 00:48:05,45.8311,16.1164,49.41,93,0,0.0
162,Palauig,PH,2021-10-03 00:48:05,15.435,119.9045,85.44,67,38,2.15
163,Dryden,CA,2021-10-03 00:48:06,49.7833,-92.7503,57.49,94,90,5.75
164,Grand Gaube,MU,2021-10-03 00:41:34,-20.0064,57.6608,72.37,72,68,8.01
165,Newton,US,2021-10-03 00:48:06,42.337,-71.2092,66.02,77,75,3.0
166,Atar,MR,2021-10-03 00:48:07,20.5169,-13.0499,89.35,25,82,3.36
167,Kumla,SE,2021-10-03 00:48:07,59.1277,15.1434,55.35,82,75,9.22
168,Avarua,CK,2021-10-03 00:39:29,-21.2078,-159.775,75.25,88,75,10.36
169,Dingle,PH,2021-10-03 00:40:12,10.9995,122.6711,81.99,82,100,2.64
170,Clyde River,CA,2021-10-03 00:40:51,70.4692,-68.5914,36.79,85,100,4.72
171,Hofn,IS,2021-10-03 00:40:43,64.2539,-15.2082,45.88,69,94,20.62
172,Cidreira,BR,2021-10-03 00:40:11,-30.1811,-50.2056,63.46,80,30,12.33
173,Saint Matthews,US,2021-10-03 00:48:08,38.2529,-85.6558,74.91,82,75,8.05
174,Provideniya,RU,2021-10-03 00:41:08,64.3833,-173.3,29.89,66,0,2.04
175,Chapais,CA,2021-10-03 00:42:11,49.7834,-74.8492,42.58,78,0,4.18
176,Zyryanka,RU,2021-10-03 00:41:46,65.75,150.85,30.7,71,95,7.7
177,Tabou,CI,2021-10-03 00:48:09,4.423,-7.3528,77.22,84,86,4.68
178,Cabo San Lucas,MX,2021-10-03 00:38:22,22.8909,-109.9124,84.51,88,90,0.0
179,Arvika,SE,2021-10-03 00:43:27,59.6553,12.5852,52.5,97,100,10.94
180,Esperance,AU,2021-10-03 00:39:51,-33.8667,121.9,53.44,72,100,26.15
181,Dahuk,IQ,2021-10-03 00:48:10,36.8695,42.994,74.44,27,93,5.68
182,Castro,BR,2021-10-03 00:40:29,-24.7911,-50.0119,60.58,98,100,3.51
183,Svetlaya,RU,2021-10-03 00:39:46,46.5389,138.3297,55.83,42,3,6.35
184,Srednekolymsk,RU,2021-10-03 00:41:54,67.45,153.6833,26.89,75,89,15.1
185,Alta,NO,2021-10-03 00:48:11,69.9689,23.2717,52.86,70,20,1.99
186,College,US,2021-10-03 00:48:11,64.8569,-147.8028,35.58,95,90,0.0
187,Pevek,RU,2021-10-03 00:40:10,69.7008,170.3133,25.14,84,94,20.51
188,Emilio Carranza,MX,2021-10-03 00:48:12,19.9711,-96.6114,78.98,81,100,1.41
189,Bandarban,BD,2021-10-03 00:48:12,22.1965,92.2262,76.62,95,100,1.68
190,Dekernes,EG,2021-10-03 00:48:13,31.0876,31.595,76.89,70,88,7.11
191,Changping,CN,2021-10-03 00:48:13,40.2186,116.2197,67.64,91,100,4.0
192,Sainte-Marie,RE,2021-10-03 00:48:14,-20.8968,55.5496,69.96,88,90,10.36
193,Clarence Town,AU,2021-10-03 00:48:14,-32.5833,151.7833,77.05,39,5,10.96
194,Bria,CF,2021-10-03 00:48:14,6.5423,21.9863,67.62,96,99,4.29
195,Mango,US,2021-10-03 00:45:00,27.9797,-82.3065,84.85,72,1,3.44
196,Kruisfontein,ZA,2021-10-03 00:48:15,-34.0033,24.7314,48.88,67,99,13.13
197,Kaitangata,NZ,2021-10-03 00:40:36,-46.2817,169.8464,54.93,76,100,1.74
198,Iskateley,RU,2021-10-03 00:42:30,67.6803,53.1512,35.73,80,100,8.79
199,Mayor Pablo Lagerenza,PY,2021-10-03 00:41:37,-19.9309,-60.7718,92.37,33,0,11.7
200,Solnechnyy,RU,2021-10-03 00:48:16,50.7214,136.6319,48.76,36,0,2.26
201,Khipro,PK,2021-10-03 00:48:16,25.8285,69.3772,82.33,74,13,11.81
202,Manokwari,ID,2021-10-03 00:48:16,-0.8667,134.0833,81.41,79,100,2.84
203,Sungaipenuh,ID,2021-10-03 00:48:17,-2.0833,101.3833,69.58,81,100,0.51
204,Khislavichi,RU,2021-10-03 00:48:17,54.1871,32.1582,40.21,84,93,7.0
205,Port Blair,IN,2021-10-03 00:40:30,11.6667,92.75,77.04,94,75,4.61
206,Smithers,CA,2021-10-03 00:48:18,54.7804,-127.1743,50.32,53,40,18.41
207,Nanortalik,GL,2021-10-03 00:41:11,60.1432,-45.2371,40.12,76,8,3.13
208,Sorland,NO,2021-10-03 00:39:48,67.667,12.6934,53.73,81,100,17.02
209,Meulaboh,ID,2021-10-03 00:46:27,4.1363,96.1285,77.63,84,97,2.89
210,Kerema,PG,2021-10-03 00:48:18,-7.9631,145.7785,81.61,80,100,1.48
211,Umba,RU,2021-10-03 00:48:19,66.6871,34.3429,45.55,91,100,8.19
212,Qasigiannguit,GL,2021-10-03 00:48:19,68.8193,-51.1922,17.28,92,27,4.41
213,Imeni Poliny Osipenko,RU,2021-10-03 00:46:47,52.4201,136.4853,45.79,44,18,4.9
214,Poyarkovo,RU,2021-10-03 00:48:20,49.6,128.6833,44.74,82,100,11.63
215,Polonnaruwa,LK,2021-10-03 00:48:20,7.9333,81.0,75.51,92,10,3.15
216,Ouallam,NE,2021-10-03 00:48:20,14.3188,2.0866,88.34,16,4,5.73
217,Gizo,SB,2021-10-03 00:48:21,-8.103,156.8419,83.14,74,24,4.32
218,Tabas,IR,2021-10-03 00:48:21,33.5959,56.9244,69.35,28,0,5.64
219,Puerto Del Rosario,ES,2021-10-03 00:41:52,28.5004,-13.8627,71.35,94,0,9.22
220,Jiquipilas,MX,2021-10-03 00:48:22,16.6667,-93.65,71.46,98,86,3.85
221,Kieta,PG,2021-10-03 00:48:22,-6.2167,155.6333,83.28,72,100,4.56
222,Ustye,RU,2021-10-03 00:48:22,59.6304,39.736,39.07,89,86,2.19
223,Paamiut,GL,2021-10-03 00:40:00,61.994,-49.6678,40.68,65,100,7.14
224,Lompoc,US,2021-10-03 00:35:37,34.6391,-120.4579,88.12,70,20,5.75
225,Kasongo-Lunda,CD,2021-10-03 00:41:11,-6.4667,16.8167,69.67,92,44,1.19
226,Wlodawa,PL,2021-10-03 00:48:24,51.55,23.55,48.51,62,98,8.86
227,Plettenberg Bay,ZA,2021-10-03 00:48:24,-34.0527,23.3716,49.19,73,66,9.53
228,Sola,VU,2021-10-03 00:41:32,-13.8833,167.55,77.67,94,90,5.75
229,Shirvan,AZ,2021-10-03 00:48:24,39.9509,48.8994,60.85,63,100,4.81
230,Lundazi,ZM,2021-10-03 00:48:25,-12.2929,33.1782,70.84,49,94,9.48
231,Grindavik,IS,2021-10-03 00:40:45,63.8424,-22.4338,42.75,75,75,29.93
232,Hasaki,JP,2021-10-03 00:42:33,35.7333,140.8333,77.29,67,0,14.61
233,Changying,CN,2021-10-03 00:48:25,52.8733,123.3213,39.07,55,0,4.21
234,Torrington,US,2021-10-03 00:45:05,41.8007,-73.1212,63.91,88,5,5.1
235,Berlevag,NO,2021-10-03 00:40:47,70.8578,29.0864,49.39,85,76,26.11
236,Muli,MV,2021-10-03 00:48:26,2.9167,73.5667,82.17,76,40,13.4
237,Derzhavinsk,KZ,2021-10-03 00:48:26,51.1,66.3167,43.36,91,100,7.61
238,Longyearbyen,SJ,2021-10-03 00:42:21,78.2186,15.6401,37.24,87,75,2.3
239,Kavaratti,IN,2021-10-03 00:41:28,10.5669,72.642,81.7,80,100,14.5
240,Rawson,AR,2021-10-03 00:41:56,-43.3002,-65.1023,45.66,45,7,13.33
241,Tukan,RU,2021-10-03 00:48:27,53.8409,57.4552,37.22,95,96,4.32
242,Boundiali,CI,2021-10-03 00:48:28,9.5217,-6.4869,68.7,98,99,2.75
243,Mitu,CO,2021-10-03 00:48:28,1.1983,-70.1733,76.75,81,100,3.0
244,Dasoguz,TM,2021-10-03 00:48:28,41.8363,59.9666,44.55,53,0,6.91
245,Conakry,GN,2021-10-03 00:45:23,9.538,-13.6773,78.87,89,75,4.61
246,Filingue,NE,2021-10-03 00:48:29,14.3521,3.3168,88.03,30,1,7.74
247,Floro,NO,2021-10-03 00:48:29,61.5996,5.0328,53.96,62,40,14.97
248,Roald,NO,2021-10-03 00:41:32,62.5833,6.1333,53.33,76,100,4.61
249,Nanakuli,US,2021-10-03 00:48:30,21.3906,-158.1547,87.75,52,40,6.91
250,Kavieng,PG,2021-10-03 00:42:04,-2.5744,150.7967,84.67,65,20,4.52
251,Yulara,AU,2021-10-03 00:40:20,-25.2406,130.9889,66.04,32,0,11.5
252,Santa Cruz,BO,2021-10-03 00:37:36,-17.8,-63.1667,85.46,58,0,13.8
253,Norman Wells,CA,2021-10-03 00:40:25,65.282,-126.8329,33.84,93,90,10.36
254,Havre-Saint-Pierre,CA,2021-10-03 00:40:16,50.2334,-63.5986,46.76,100,90,3.44
255,Traverse City,US,2021-10-03 00:43:41,44.7631,-85.6206,69.87,93,75,0.0
256,Sabang,ID,2021-10-03 00:40:39,5.8933,95.3214,81.14,78,29,3.69
257,Svetlyy Yar,RU,2021-10-03 00:48:31,48.4748,44.781,38.8,56,0,3.53
258,Raga,SS,2021-10-03 00:48:31,8.4596,25.678,68.76,96,100,5.66
259,Demba,CD,2021-10-03 00:48:32,-5.51,22.2667,67.23,97,100,0.49
260,Souillac,MU,2021-10-03 00:39:58,-20.5167,57.5167,72.36,88,40,11.5
261,Goryachiy Klyuch,RU,2021-10-03 00:48:32,44.6308,39.13,53.44,85,100,3.74
262,Urucui,BR,2021-10-03 00:48:33,-7.2294,-44.5561,78.94,59,69,2.42
263,Jega,NG,2021-10-03 00:48:33,12.2175,4.3792,82.17,57,21,7.96
264,Pilot Butte,CA,2021-10-03 00:48:33,50.4668,-104.4178,62.22,35,75,5.75
265,Mahebourg,MU,2021-10-03 00:41:05,-20.4081,57.7,72.25,88,40,11.5
266,Amapa,BR,2021-10-03 00:48:34,1.0,-52.0,73.24,96,100,2.82
267,Khakhea,BW,2021-10-03 00:48:34,-24.6895,23.494,52.84,27,0,11.32
268,Canutama,BR,2021-10-03 00:48:35,-6.5339,-64.3831,77.31,79,87,2.51
269,Gamba,GA,2021-10-03 00:48:35,-2.65,10.0,75.52,88,100,7.0
270,Port Hardy,CA,2021-10-03 00:48:35,50.6996,-127.4199,51.98,93,90,9.22
271,Kitui,KE,2021-10-03 00:41:49,-1.367,38.0106,62.91,86,100,6.51
272,Lavrentiya,RU,2021-10-03 00:39:26,65.5833,-171.0,29.08,74,7,6.51
273,Inverell,AU,2021-10-03 00:48:36,-29.7833,151.1167,70.11,50,1,5.99
274,Gairatganj,IN,2021-10-03 00:48:37,23.4202,78.2385,73.9,90,47,4.79
275,Bela,IN,2021-10-03 00:48:37,25.9333,81.9833,76.33,86,1,4.43
276,Beloha,MG,2021-10-03 00:41:56,-25.1667,45.05,69.24,73,3,2.19
277,Huarmey,PE,2021-10-03 00:41:59,-10.0681,-78.1522,62.73,85,33,5.93
278,Vila Velha,BR,2021-10-03 00:42:22,-20.3297,-40.2925,76.95,83,40,12.66
279,Itarema,BR,2021-10-03 00:48:38,-2.9248,-39.9167,78.58,82,2,15.88
280,Shalakusha,RU,2021-10-03 00:48:38,62.2247,40.2539,43.81,85,100,3.27
281,Parangan,PH,2021-10-03 00:48:39,5.0839,119.9383,84.34,68,100,3.96
282,Korla,CN,2021-10-03 00:40:22,41.7597,86.1469,49.96,43,100,16.73
283,Sao Joao Da Barra,BR,2021-10-03 00:42:35,-21.6403,-41.0511,73.92,92,79,3.71
284,Tocopilla,CL,2021-10-03 00:48:39,-22.092,-70.1979,63.34,67,20,11.1
285,Warangal,IN,2021-10-03 00:47:25,18.0,79.5833,74.44,95,93,5.03
286,Kichera,RU,2021-10-03 00:48:40,55.9375,110.0997,39.61,61,11,2.98
287,Bay Roberts,CA,2021-10-03 00:48:40,47.5999,-53.2648,56.03,93,100,1.99
288,Muros,ES,2021-10-03 00:48:41,42.7762,-9.0603,59.23,92,100,11.34
289,Jijiga,ET,2021-10-03 00:48:41,9.35,42.8,64.56,77,30,2.55
290,Katsuura,JP,2021-10-03 00:40:31,35.1333,140.3,73.51,74,0,9.69
291,Vao,NC,2021-10-03 00:40:09,-22.6667,167.4833,72.16,92,98,15.66
292,Kyra,RU,2021-10-03 00:48:42,49.5776,111.9753,34.03,94,100,4.59
293,Catumbela,AO,2021-10-03 00:48:42,-12.4314,13.5472,69.17,86,22,2.93
294,Toktogul,KG,2021-10-03 00:48:42,41.8708,72.9402,48.99,77,83,1.05
295,Vrangel,RU,2021-10-03 00:48:43,42.7297,133.0839,61.68,65,100,9.33
296,Plaine Magnien,MU,2021-10-03 00:48:43,-20.4286,57.6531,71.4,88,40,11.5
297,Fortuna,US,2021-10-03 00:39:48,40.5982,-124.1573,61.93,68,1,4.0
298,Sehore,IN,2021-10-03 00:48:44,23.2,77.0833,75.47,91,47,3.18
299,Broome,US,2021-10-03 00:44:17,42.2506,-75.833,62.98,70,100,1.01
300,Ruteng,ID,2021-10-03 00:40:13,-8.6136,120.4721,72.46,67,48,3.06
301,Shitanjing,CN,2021-10-03 00:48:45,39.2342,106.3439,58.57,22,40,6.71
302,Kahului,US,2021-10-03 00:38:39,20.8947,-156.47,88.86,67,40,20.71
303,Orcopampa,PE,2021-10-03 00:48:45,-15.2661,-72.3417,48.13,38,100,5.68
304,Opuwo,NA,2021-10-03 00:48:45,-18.0607,13.84,56.8,37,0,5.46
305,Capanema,BR,2021-10-03 00:48:46,-1.1958,-47.1808,74.19,89,76,3.29
306,Sinegorskiy,RU,2021-10-03 00:48:46,48.0139,40.8447,39.61,64,56,10.16
307,Torgau,DE,2021-10-03 00:48:47,51.5667,13.0,61.61,54,97,13.24
308,Rio Grande,BR,2021-10-03 00:48:47,-32.035,-52.0986,58.95,86,36,9.35
309,Luba,GQ,2021-10-03 00:48:47,3.4568,8.5547,78.15,85,29,5.55
310,Islamkot,PK,2021-10-03 00:48:48,24.6997,70.177,81.0,84,8,8.34
311,Nova Olimpia,BR,2021-10-03 00:48:48,-14.7972,-57.2881,87.96,41,55,6.76
312,Zhigalovo,RU,2021-10-03 00:48:48,54.8097,105.1578,35.69,94,100,3.18
313,Tynda,RU,2021-10-03 00:48:49,55.1667,124.7167,36.79,55,82,5.17
314,Nizhniy Kuranakh,RU,2021-10-03 00:48:49,58.8353,125.4869,32.31,80,11,2.33
315,Ndjole,GA,2021-10-03 00:48:50,-0.1783,10.7649,74.5,98,100,2.01
316,Araouane,ML,2021-10-03 00:48:50,18.9048,-3.5265,91.92,10,93,8.97
317,Constantine,DZ,2021-10-03 00:48:51,36.365,6.6147,63.81,77,20,3.44
318,Leningradskiy,RU,2021-10-03 00:39:46,69.3833,178.4167,20.68,72,12,9.84
319,Roma,US,2021-10-03 00:48:43,43.2128,-75.4557,65.43,88,1,3.44
320,Kurya,RU,2021-10-03 00:48:51,51.6003,82.2888,32.95,85,100,12.73
321,Campoverde,PE,2021-10-03 00:48:52,-8.4753,-74.8058,85.69,62,20,1.61
322,Salinopolis,BR,2021-10-03 00:42:10,-0.6136,-47.3561,80.65,76,86,12.62
323,Tazovskiy,RU,2021-10-03 00:40:50,67.4667,78.7,26.55,87,71,14.2
324,Brora,GB,2021-10-03 00:48:52,58.0099,-3.8518,46.44,82,100,6.89
325,Badvel,IN,2021-10-03 00:48:53,14.75,79.05,77.94,90,13,1.45
326,Thinadhoo,MV,2021-10-03 00:48:53,0.5333,72.9333,83.44,70,51,12.3
327,Pinega,RU,2021-10-03 00:48:54,64.7001,43.3936,39.22,90,85,4.79
328,Kalanwali,IN,2021-10-03 00:48:54,29.85,74.95,81.12,69,58,4.38
329,Biloela,AU,2021-10-03 00:48:54,-24.4167,150.5,85.91,19,0,6.96
330,Humaita,BR,2021-10-03 00:48:55,-7.5061,-63.0208,77.27,77,26,2.68
331,Buncrana,IE,2021-10-03 00:48:55,55.1333,-7.45,45.93,94,72,8.55
332,Geraldton,AU,2021-10-03 00:40:25,-28.7667,114.6,64.81,77,75,13.8
333,Kathmandu,NP,2021-10-03 00:37:26,27.7167,85.3167,68.22,94,75,0.0
334,Ginir,ET,2021-10-03 00:48:56,7.1333,40.7,59.5,78,64,4.29
335,High Level,CA,2021-10-03 00:48:56,58.5169,-117.136,51.91,62,75,3.44
336,Kelapa Sawit,MY,2021-10-03 00:48:56,1.6698,103.5327,80.51,94,20,0.0
337,Pontes E Lacerda,BR,2021-10-03 00:48:57,-15.2261,-59.3353,76.68,77,22,3.58
338,Atambua,ID,2021-10-03 00:48:57,-9.1061,124.8925,85.39,51,6,1.66
339,Kamenka,RU,2021-10-03 00:48:57,51.3223,42.7678,49.57,69,100,5.06
340,Alencon,FR,2021-10-03 00:48:58,48.4333,0.0833,56.19,98,100,4.68
341,Mezen,RU,2021-10-03 00:48:58,65.8522,44.24,41.36,86,90,5.48
342,Eyl,SO,2021-10-03 00:39:55,7.9803,49.8164,78.78,81,99,13.91
343,Martil,MA,2021-10-03 00:48:59,35.6166,-5.2752,68.07,88,0,5.75
344,La Palma,US,2021-10-03 00:48:59,33.8464,-118.0467,99.91,22,1,5.01
345,Mahenge,TZ,2021-10-03 00:48:59,-8.6833,36.7167,58.62,84,44,2.01
346,Okahandja,NA,2021-10-03 00:49:00,-21.9833,16.9167,57.83,31,0,0.58
347,Anshan,CN,2021-10-03 00:49:00,41.1236,122.99,70.29,85,99,13.58
348,Mount Isa,AU,2021-10-03 00:41:39,-20.7333,139.5,92.97,10,2,10.36
349,Kaura Namoda,NG,2021-10-03 00:49:00,12.5898,6.5779,80.1,50,1,6.76
350,Narsaq,GL,2021-10-03 00:39:57,60.9167,-46.05,55.62,62,0,2.51
351,Brokopondo,SR,2021-10-03 00:41:12,4.75,-55.1667,78.35,85,100,9.31
352,Umm Lajj,SA,2021-10-03 00:49:01,25.0213,37.2685,80.1,65,0,13.06
353,Hay River,CA,2021-10-03 00:41:36,60.8156,-115.7999,51.78,66,75,8.05
354,Laguna,US,2021-10-03 00:39:47,38.421,-121.4238,92.93,22,1,1.01
355,Henties Bay,NA,2021-10-03 00:41:49,-22.116,14.2845,53.85,92,2,7.83
356,Statesboro,US,2021-10-03 00:48:53,32.4488,-81.7832,74.52,73,1,0.0
357,Zyryanskoye,RU,2021-10-03 00:49:02,56.8306,86.6258,33.37,86,100,10.36
358,Kontagora,NG,2021-10-03 00:49:03,10.3999,5.4695,75.0,81,48,2.77
359,Chumikan,RU,2021-10-03 00:49:03,54.7183,135.315,43.56,60,27,14.88
360,Sinjai,ID,2021-10-03 00:49:04,-5.1241,120.253,84.18,60,84,6.13
361,Saurimo,AO,2021-10-03 00:42:02,-9.6608,20.3916,66.6,80,95,2.55
362,Fort Nelson,CA,2021-10-03 00:41:36,58.8053,-122.7002,56.79,19,40,20.71
363,Bahia Honda,CU,2021-10-03 00:49:04,22.9036,-83.1592,77.76,84,85,10.6
364,Matara,LK,2021-10-03 00:40:28,5.9485,80.5353,77.7,86,91,6.08
365,Lagoa Do Itaenga,BR,2021-10-03 00:44:58,-7.9361,-35.2903,78.62,95,17,3.94
366,Pochutla,MX,2021-10-03 00:49:05,15.7432,-96.4661,84.02,88,35,3.49
367,Charlestown,AU,2021-10-03 00:49:05,-32.95,151.6667,76.93,54,5,4.0
368,Blankenberge,BE,2021-10-03 00:49:06,51.3131,3.1323,61.95,83,100,4.0
369,Avera,US,2021-10-03 00:40:39,33.194,-82.5271,74.71,56,100,2.46
370,Kununurra,AU,2021-10-03 00:49:06,-15.7667,128.7333,93.18,46,86,4.61
371,Nisia Floresta,BR,2021-10-03 00:47:08,-6.0911,-35.2086,79.18,89,3,6.6
372,Siddapur,IN,2021-10-03 00:49:07,14.3333,74.8833,69.89,95,82,4.63
373,Klaksvik,FO,2021-10-03 00:39:41,62.2266,-6.589,50.92,90,100,21.7
374,Tateyama,JP,2021-10-03 00:49:07,34.9833,139.8667,80.15,78,0,8.28
375,Menongue,AO,2021-10-03 00:39:28,-14.6585,17.691,63.25,33,11,4.38
376,Kyzyl-Mazhalyk,RU,2021-10-03 00:49:08,51.1333,90.6,29.98,66,66,1.74
377,Aklavik,CA,2021-10-03 00:40:42,68.2191,-135.0107,36.32,96,100,15.1
378,Comodoro Rivadavia,AR,2021-10-03 00:41:57,-45.8667,-67.5,42.66,61,0,6.91
379,Quimper,FR,2021-10-03 00:44:44,48.0,-4.1,54.28,100,90,4.61
380,Fairbanks,US,2021-10-03 00:39:41,64.8378,-147.7164,36.3,95,90,1.01
381,Peniche,PT,2021-10-03 00:49:09,39.3558,-9.3811,69.62,91,100,19.28
382,Phu Ly,VN,2021-10-03 00:45:24,20.5411,105.9139,81.81,74,50,3.98
383,Bridlington,GB,2021-10-03 00:49:11,54.0831,-0.1919,51.98,80,98,22.41
384,Sidney,AU,2021-10-03 00:45:59,-33.8679,151.2073,76.32,55,20,3.0
385,Kampong Thum,KH,2021-10-03 00:49:11,12.7111,104.8887,79.18,85,100,4.25
386,Akdepe,TM,2021-10-03 00:41:02,42.0551,59.3788,44.69,47,92,8.9
387,Ust-Koksa,RU,2021-10-03 00:49:12,50.2696,85.6108,24.31,78,100,2.75
388,Haines Junction,CA,2021-10-03 00:41:17,60.7522,-137.5108,44.55,49,100,5.75
389,Hambantota,LK,2021-10-03 00:41:04,6.1241,81.1185,75.54,100,20,1.14
390,Jiuquan,CN,2021-10-03 00:40:18,39.7432,98.5174,42.78,55,100,8.75
391,Tuy Hoa,VN,2021-10-03 00:42:16,13.0833,109.3,80.83,82,92,4.74
392,Araxa,BR,2021-10-03 00:47:09,-19.5933,-46.9406,71.56,73,0,9.22
393,Saint Anthony,US,2021-10-03 00:41:06,45.0205,-93.218,68.32,94,90,9.22
394,Ahuimanu,US,2021-10-03 00:40:37,21.4447,-157.8378,87.51,58,40,17.27
395,Palmer,US,2021-10-03 00:42:13,42.1584,-72.3287,65.57,70,20,5.75
396,Jiblah,YE,2021-10-03 00:49:13,13.9216,44.1467,64.98,66,64,2.39
397,Matamoros,MX,2021-10-03 00:44:35,25.5333,-103.25,84.31,37,75,8.05
398,Praia Da Vitoria,PT,2021-10-03 00:49:13,38.7333,-27.0667,72.75,94,75,11.45
399,Batticaloa,LK,2021-10-03 00:49:14,7.7102,81.6924,78.57,86,92,6.51
400,Waipawa,NZ,2021-10-03 00:49:14,-41.4122,175.5153,56.03,53,100,2.68
401,Royan,FR,2021-10-03 00:49:15,45.6285,-1.0281,68.09,62,100,31.61
402,Dubbo,AU,2021-10-03 00:42:24,-32.25,148.6167,64.53,68,40,3.44
403,Miranda,CO,2021-10-03 00:41:58,3.2499,-76.2281,71.73,87,86,5.82
404,Neiafu,TO,2021-10-03 00:49:15,-18.65,-173.9833,75.88,83,90,10.36
405,Mwaro,BI,2021-10-03 00:49:16,-3.5,29.6667,58.44,79,100,1.92
406,Kodinsk,RU,2021-10-03 00:49:16,58.6881,99.1844,33.51,91,89,2.01
407,Sitka,US,2021-10-03 00:42:26,57.0531,-135.33,44.49,70,90,9.22
408,Praia,CV,2021-10-03 00:45:42,14.9215,-23.5087,79.34,78,20,9.22
409,Lieksa,FI,2021-10-03 00:49:17,63.3167,30.0167,43.93,91,100,8.01
410,Moussoro,TD,2021-10-03 00:49:17,13.6408,16.4901,87.42,19,97,9.33
411,Ulaanbaatar,MN,2021-10-03 00:49:01,47.9077,106.8832,32.13,69,75,11.18
412,Saint Paul,US,2021-10-03 00:46:13,44.9444,-93.0933,68.56,95,90,6.91
413,Hervey Bay,AU,2021-10-03 00:41:42,-25.2986,152.8535,81.03,54,0,10.22
414,Berezovyy,RU,2021-10-03 00:49:18,51.6667,135.7,47.7,42,16,4.45
415,Caravelas,BR,2021-10-03 00:40:41,-17.7125,-39.2481,75.47,84,1,13.06
416,Kishi,NG,2021-10-03 00:49:18,9.0833,3.85,72.46,93,100,4.45
417,Charagua,BO,2021-10-03 00:49:19,-19.8,-63.2167,84.49,37,1,15.95
418,Barcelona,ES,2021-10-03 00:49:19,41.3888,2.159,74.75,86,40,1.01
419,Whitley Bay,GB,2021-10-03 00:47:51,55.0397,-1.4471,48.27,95,75,6.91
420,Banjar,ID,2021-10-03 00:49:20,-8.19,114.9675,80.46,68,20,7.05
421,Nizwa,OM,2021-10-03 00:49:20,22.9333,57.5333,79.84,66,100,2.39
422,Necochea,AR,2021-10-03 00:41:46,-38.5473,-58.7368,49.03,85,76,18.5
423,Boulder,US,2021-10-03 00:47:17,40.0833,-105.3505,64.13,45,75,0.0
424,Santiago Del Estero,AR,2021-10-03 00:49:21,-27.7951,-64.2615,75.81,62,41,9.08
425,Takoradi,GH,2021-10-03 00:49:21,4.8845,-1.7554,75.83,92,43,6.69
426,Tessalit,ML,2021-10-03 00:40:05,20.1986,1.0114,87.85,13,100,4.25
427,Seabra,BR,2021-10-03 00:42:07,-12.4186,-41.7703,68.45,53,0,2.37
428,Payo,ID,2021-10-03 00:49:22,-3.7508,103.6372,78.35,78,98,1.48
429,Giresun,TR,2021-10-03 00:49:22,40.5,38.5,33.12,94,100,2.13
430,Mahajanga,MG,2021-10-03 00:41:02,-15.7167,46.3167,69.82,88,20,3.44
431,Saldanha,ZA,2021-10-03 00:40:10,-33.0117,17.9442,44.65,64,53,13.51
432,Farafangana,MG,2021-10-03 00:49:23,-22.8167,47.8333,67.86,89,25,8.75
433,Port Macquarie,AU,2021-10-03 00:39:37,-31.4333,152.9167,77.9,40,2,4.94
434,Puerto Escondido,MX,2021-10-03 00:40:51,15.85,-97.0667,85.03,58,75,0.0
435,Puqi,CN,2021-10-03 00:49:23,29.7167,113.8833,86.99,56,0,7.96
436,Portland,US,2021-10-03 00:39:27,45.5234,-122.6762,72.41,54,20,1.01
437,Koutsouras,GR,2021-10-03 00:49:24,35.0339,25.9469,69.12,62,9,15.46
438,Coihaique,CL,2021-10-03 00:40:31,-45.5752,-72.0662,44.55,61,75,6.91
439,Komsomolskoye,RU,2021-10-03 00:49:24,55.2567,47.5461,45.32,90,100,4.36
440,Poya,NC,2021-10-03 00:49:25,-21.35,165.15,82.62,61,60,5.03
441,Allacapan,PH,2021-10-03 00:49:25,18.226,121.5562,84.38,73,100,1.41
442,Williston,US,2021-10-03 00:49:26,48.147,-103.618,72.01,35,8,2.24
443,Salina,US,2021-10-03 00:47:28,38.8403,-97.6114,67.24,84,20,4.0
444,San Patricio,US,2021-10-03 00:41:00,28.017,-97.5169,83.53,71,100,6.08
445,Liwale,TZ,2021-10-03 00:49:26,-9.7667,37.9333,63.61,96,37,2.68
446,Tarare,FR,2021-10-03 00:49:27,45.8976,4.4327,66.25,69,100,4.0
447,Rocha,UY,2021-10-03 00:42:10,-34.4833,-54.3333,53.17,80,100,6.51
448,Nabire,ID,2021-10-03 00:41:09,-3.3667,135.4833,85.12,64,98,1.7
449,La Rioja,ES,2021-10-03 00:49:27,42.25,-2.5,58.05,56,100,6.6
450,Husavik,IS,2021-10-03 00:49:28,66.0449,-17.3389,40.91,98,100,25.99
451,Pine Hill,US,2021-10-03 00:49:28,39.7843,-74.9921,68.32,85,100,4.16
452,Birin,NP,2021-10-03 00:49:28,26.8865,88.0718,61.02,95,99,2.26
453,Olafsvik,IS,2021-10-03 00:40:59,64.8945,-23.7142,40.1,78,100,31.99
454,Saint-Joseph,RE,2021-10-03 00:42:23,-21.3667,55.6167,68.38,75,25,10.89
455,Sao Francisco De Paula,BR,2021-10-03 00:49:29,-29.4481,-50.5836,58.69,97,76,3.49
456,Hokitika,NZ,2021-10-03 00:49:29,-42.7167,170.9667,56.26,57,100,4.18
457,Luanda,AO,2021-10-03 00:49:30,-8.8368,13.2343,70.95,80,75,8.41
458,La Colmena,PY,2021-10-03 00:49:30,-25.8833,-56.8167,68.2,99,49,1.3
459,Bonawon,PH,2021-10-03 00:49:30,9.134,122.9193,83.73,73,95,0.89
460,Soyo,AO,2021-10-03 00:39:37,-6.1349,12.3689,74.64,84,93,8.95
461,Anadyr,RU,2021-10-03 00:39:59,64.75,177.4833,32.5,93,90,11.01
462,Okato,NZ,2021-10-03 00:49:31,-39.2,173.8833,58.42,67,100,11.88
463,Beringovskiy,RU,2021-10-03 00:39:36,63.05,179.3167,35.64,99,100,7.36
464,Nazilli,TR,2021-10-03 00:49:32,37.9163,28.3223,58.06,68,0,3.85
465,Cayenne,GF,2021-10-03 00:42:15,4.9333,-52.3333,84.09,78,0,4.0
466,Bawal,IN,2021-10-03 00:49:32,28.0833,76.5833,82.69,70,44,5.7
467,Guia De Isora,ES,2021-10-03 00:49:32,28.2115,-16.7795,77.32,15,0,6.62
468,Coquimbo,CL,2021-10-03 00:39:34,-29.9533,-71.3436,55.13,82,0,12.66
469,Gamboma,CG,2021-10-03 00:49:33,-1.8764,15.8644,72.19,90,100,2.68
470,Lucapa,AO,2021-10-03 00:49:33,-8.4192,20.7447,65.01,94,91,4.05
471,Korgen,NO,2021-10-03 00:49:34,66.0771,13.8153,52.3,87,100,7.54
472,Goderich,CA,2021-10-03 00:41:10,43.7501,-81.7165,70.12,52,100,14.97
473,Ribas Do Rio Pardo,BR,2021-10-03 00:49:34,-20.4431,-53.7592,78.08,65,37,7.47
474,Bagdarin,RU,2021-10-03 00:44:35,54.4333,113.6,37.27,51,16,0.22
475,Kungurtug,RU,2021-10-03 00:41:38,50.5994,97.5228,28.83,74,98,1.07
476,Carutapera,BR,2021-10-03 00:40:56,-1.195,-46.02,78.13,76,3,7.63
477,Lota,CL,2021-10-03 00:48:08,-37.0833,-73.1667,49.46,76,2,13.04
478,Natal,BR,2021-10-03 00:39:48,-5.795,-35.2094,79.02,83,20,6.91
479,Marion,US,2021-10-03 00:38:43,39.7684,-86.1555,71.38,95,90,9.22
480,Airai,TL,2021-10-03 00:39:39,-8.9266,125.4092,75.31,48,6,2.84
481,Yueyang,CN,2021-10-03 00:49:36,29.3333,113.0919,87.13,55,0,14.56
482,Whitehorse,CA,2021-10-03 00:49:36,60.7161,-135.0538,42.03,56,75,17.0
483,Progreso,MX,2021-10-03 00:49:37,21.2833,-89.6667,81.1,76,87,14.74
484,Alofi,NU,2021-10-03 00:41:44,-19.0595,-169.9187,80.49,78,100,20.71
485,Ostrovnoy,RU,2021-10-03 00:41:15,68.0531,39.5131,47.26,83,100,17.13
486,Nossa Senhora Da Gloria,BR,2021-10-03 00:49:37,-10.2183,-37.4203,69.93,96,0,9.08
487,Aykhal,RU,2021-10-03 00:49:38,66.0,111.5,32.05,44,92,2.13
488,Sidmouth,GB,2021-10-03 00:49:39,50.6909,-3.2397,53.11,90,0,9.22
489,Dunedin,NZ,2021-10-03 00:39:08,-45.8742,170.5036,54.81,77,100,4.0
490,Bandar-E Lengeh,IR,2021-10-03 00:49:39,26.5579,54.8807,89.71,79,86,11.5
491,Melfi,IT,2021-10-03 00:41:43,40.9965,15.6514,62.4,80,94,3.06
492,Namanyere,TZ,2021-10-03 00:49:40,-7.5167,31.05,69.94,48,100,2.93
493,Republic,US,2021-10-03 00:49:40,37.12,-93.4802,70.83,93,9,7.72
494,Sao Jose Da Coroa Grande,BR,2021-10-03 00:49:40,-8.8978,-35.1478,76.05,86,10,9.53
495,Pacific Grove,US,2021-10-03 00:37:38,36.6177,-121.9166,91.8,85,1,3.0
496,Kukmor,RU,2021-10-03 00:49:41,56.1855,50.8944,43.59,90,100,3.67
497,Ixtapa,MX,2021-10-03 00:49:41,20.7,-105.2,85.23,70,40,5.75
498,Taungdwingyi,MM,2021-10-03 00:49:42,20.0167,95.55,75.36,89,100,6.33
499,Freeport,US,2021-10-03 00:46:55,40.6576,-73.5832,72.18,75,40,1.99
500,Brigantine,US,2021-10-03 00:41:38,39.4101,-74.3646,71.02,89,1,4.61
501,Taber,CA,2021-10-03 00:45:29,49.8167,-112.1518,67.84,17,30,14.97
502,Bireun,ID,2021-10-03 00:40:57,5.203,96.7009,79.86,75,98,3.06
503,Majene,ID,2021-10-03 00:49:43,-3.5403,118.9707,82.67,74,37,4.23
504,Diu,IN,2021-10-03 00:49:43,20.7141,70.9822,78.49,84,99,6.78
505,Andijon,UZ,2021-10-03 00:49:43,40.7821,72.3442,52.95,65,83,2.55
506,Nouakchott,MR,2021-10-03 00:49:44,18.0858,-15.9785,84.13,74,12,9.69
507,Nhulunbuy,AU,2021-10-03 00:41:04,-12.2333,136.7667,86.61,62,100,12.66
508,Chegem,RU,2021-10-03 00:49:44,43.2833,43.1333,24.93,65,100,6.11
509,West Odessa,US,2021-10-03 00:49:45,31.8424,-102.4988,81.88,33,40,8.05
510,Eureka,US,2021-10-03 00:48:48,40.8021,-124.1637,62.2,78,12,4.0
511,Abu Dhabi,AE,2021-10-03 00:49:45,24.4667,54.3667,89.62,84,20,8.05
512,Roros,NO,2021-10-03 00:49:46,62.5747,11.3842,44.44,93,90,6.91
513,Barquisimeto,VE,2021-10-03 00:49:46,10.0739,-69.3228,71.87,91,94,3.31
514,Deputatskiy,RU,2021-10-03 00:42:32,69.3,139.9,19.02,83,17,4.09
515,Petit Goave,HT,2021-10-03 00:49:46,18.4314,-72.8669,82.58,70,92,2.8
516,Acarau,BR,2021-10-03 00:49:47,-2.8856,-40.12,78.55,82,1,16.51
517,Kloulklubed,PW,2021-10-03 00:45:11,7.0419,134.2556,84.7,75,57,9.48
518,Barmer,IN,2021-10-03 00:49:47,25.75,71.3833,81.14,73,87,8.66
519,Porto Novo,BJ,2021-10-03 00:45:24,6.4965,2.6036,80.42,93,16,4.36
520,Minot,US,2021-10-03 00:49:48,48.2325,-101.2963,67.19,33,1,4.0
521,Maceio,BR,2021-10-03 00:49:49,-9.6658,-35.7353,78.24,94,20,4.61
522,Gat,IL,2021-10-03 00:40:01,31.61,34.7642,71.4,78,21,1.86
523,Myingyan,MM,2021-10-03 00:49:50,21.4667,95.3833,77.25,84,100,6.64
524,Swan River,CA,2021-10-03 00:42:16,52.1058,-101.2676,62.49,27,4,4.61
525,Nishihara,JP,2021-10-03 00:42:30,26.1842,127.7558,85.28,70,20,12.66
526,Vaxjo,SE,2021-10-03 00:49:50,56.8777,14.8091,53.65,94,90,6.91
527,Bintulu,MY,2021-10-03 00:49:51,3.1667,113.0333,77.41,94,20,0.0
528,Northam,GB,2021-10-03 00:42:20,51.0333,-4.2167,52.25,80,39,9.91
529,Manfredonia,IT,2021-10-03 00:49:51,41.6259,15.9094,63.07,82,20,3.44
530,Erenhot,CN,2021-10-03 00:49:52,43.6475,111.9767,46.04,42,100,15.7
531,Galeana,MX,2021-10-03 00:46:12,24.8333,-100.0667,64.31,94,97,3.87
532,Truth Or Consequences,US,2021-10-03 00:49:52,33.1284,-107.2528,75.43,31,1,0.0
533,Kochubey,RU,2021-10-03 00:49:52,44.3861,46.5825,58.39,49,98,15.52
534,Keningau,MY,2021-10-03 00:49:53,5.3378,116.1602,73.85,88,100,2.91
535,Tura,IN,2021-10-03 00:40:10,25.5198,90.2201,73.47,96,87,3.78
536,Anchorage,US,2021-10-03 00:46:45,61.2181,-149.9003,39.94,81,90,1.99
537,Ust-Omchug,RU,2021-10-03 00:49:53,61.15,149.6333,32.63,90,36,3.74
538,Cap Malheureux,MU,2021-10-03 00:41:20,-19.9842,57.6142,72.46,72,55,8.01
539,Fereydun Kenar,IR,2021-10-03 00:49:54,36.6864,52.5225,69.6,67,100,4.97
540,Bitkine,TD,2021-10-03 00:49:55,11.9801,18.2138,78.46,65,31,6.67
541,Kommunisticheskiy,RU,2021-10-03 00:49:55,61.6789,64.4819,27.64,89,24,6.78
542,Pisco,PE,2021-10-03 00:41:11,-13.7,-76.2167,62.65,82,0,14.97
543,Trairi,BR,2021-10-03 00:46:23,-3.2778,-39.2689,78.67,81,0,12.15
544,Bushenyi,UG,2021-10-03 00:49:56,-0.5853,30.2114,60.85,98,100,6.55
545,Salinas,US,2021-10-03 00:42:21,36.6777,-121.6555,92.21,60,1,11.5
546,Teguise,ES,2021-10-03 00:49:56,29.0605,-13.564,66.42,88,0,12.66
547,Bilma,NE,2021-10-03 00:49:56,18.6853,12.9164,81.66,20,0,7.2
548,Marsh Harbour,BS,2021-10-03 00:41:14,26.5412,-77.0636,81.07,58,5,17.9
549,Pekan,MY,2021-10-03 00:49:57,3.4836,103.3996,78.91,74,100,5.03
550,Brunsbuttel,DE,2021-10-03 00:49:57,53.9,9.15,62.26,87,100,8.01
551,Lata,PT,2021-10-03 00:41:47,40.1629,-8.3327,66.07,92,100,10.98
552,Dubti,ET,2021-10-03 00:49:58,11.7361,41.0853,87.58,49,78,3.29
553,Nipawin,CA,2021-10-03 00:49:58,53.3668,-104.0009,57.24,41,1,5.75
554,Iquitos,PE,2021-10-03 00:41:54,-3.7481,-73.2472,80.64,83,75,2.3
555,Isangel,VU,2021-10-03 00:41:03,-19.55,169.2667,75.31,88,90,11.5
556,Maumere,ID,2021-10-03 00:42:13,-8.6199,122.2111,82.62,70,42,9.33
557,Tuatapere,NZ,2021-10-03 00:49:59,-46.1333,167.6833,55.81,70,100,4.21
558,Karratha,AU,2021-10-03 00:49:59,-20.7377,116.8463,77.99,24,6,10.87
559,Latung,PH,2021-10-03 00:50:00,5.5,120.8833,83.46,71,100,4.25
560,Padampur,IN,2021-10-03 00:50:00,29.6833,73.6167,86.0,51,71,5.68
561,Idenao,CM,2021-10-03 00:50:01,4.2475,9.0047,75.92,93,24,1.88
562,Port Hedland,AU,2021-10-03 00:40:14,-20.3167,118.5667,78.85,21,6,17.27
563,Nyrob,RU,2021-10-03 00:50:01,60.733,56.7202,34.97,72,100,3.87
564,Las Juntas,MX,2021-10-03 00:50:02,19.4167,-104.7,74.34,92,24,1.81
565,Lagoa,PT,2021-10-03 00:50:02,39.05,-27.9833,70.03,87,100,11.1
566,Mahibadhoo,MV,2021-10-03 00:50:03,3.7833,72.9667,81.68,78,21,13.56
567,Codrington,AU,2021-10-03 00:40:24,-38.2667,141.9667,60.98,79,100,13.53
568,Natchitoches,US,2021-10-03 00:50:03,31.7668,-93.1335,77.85,83,40,3.44
569,Pimentel,PE,2021-10-03 00:50:04,-6.8367,-79.9342,62.76,84,9,12.37
